model,method,sample_idx,img_path,y_true,faithfulness_correlation,max_sensitivity
resnet50,integrated_gradients,0,data\chest_xray\test\NORMAL\IM-0079-0001.jpeg,0,0.26441168785095215,0.6822889447212219
resnet50,integrated_gradients,1,data\chest_xray\test\PNEUMONIA\person1668_virus_2882.jpeg,1,0.22479760646820068,0.7204928398132324
resnet50,integrated_gradients,2,data\chest_xray\test\NORMAL\NORMAL2-IM-0350-0001.jpeg,0,-0.0594937689602375,0.6659386157989502
resnet50,integrated_gradients,3,data\chest_xray\test\PNEUMONIA\person21_virus_52.jpeg,1,0.2023444026708603,0.75531405210495
resnet50,integrated_gradients,4,data\chest_xray\test\NORMAL\IM-0091-0001.jpeg,0,0.19649139046669006,0.7427046895027161
resnet50,integrated_gradients,5,data\chest_xray\test\PNEUMONIA\person122_bacteria_582.jpeg,1,0.23610927164554596,0.7199004888534546
resnet50,integrated_gradients,6,data\chest_xray\test\NORMAL\NORMAL2-IM-0302-0001.jpeg,0,0.2510457932949066,0.7643826007843018
resnet50,integrated_gradients,7,data\chest_xray\test\PNEUMONIA\person147_bacteria_707.jpeg,1,-0.03413083776831627,0.6893703937530518
resnet50,integrated_gradients,8,data\chest_xray\test\PNEUMONIA\person108_bacteria_506.jpeg,1,0.1776374727487564,0.6882317066192627
resnet50,integrated_gradients,9,data\chest_xray\test\PNEUMONIA\person125_bacteria_594.jpeg,1,0.038334622979164124,0.6938191056251526
resnet50,integrated_gradients,10,data\chest_xray\test\NORMAL\NORMAL2-IM-0335-0001.jpeg,0,-0.06594208627939224,0.6598422527313232
resnet50,integrated_gradients,11,data\chest_xray\test\NORMAL\IM-0015-0001.jpeg,0,-0.06327616423368454,0.6953002214431763
resnet50,integrated_gradients,12,data\chest_xray\test\PNEUMONIA\person44_virus_94.jpeg,1,-0.03920307010412216,0.6912473440170288
resnet50,integrated_gradients,13,data\chest_xray\test\NORMAL\NORMAL2-IM-0232-0001.jpeg,0,0.33949846029281616,0.687089204788208
resnet50,integrated_gradients,14,data\chest_xray\test\PNEUMONIA\person109_bacteria_517.jpeg,1,0.0917438492178917,0.6757722496986389
resnet50,integrated_gradients,15,data\chest_xray\test\PNEUMONIA\person127_bacteria_604.jpeg,1,-0.01660873182117939,0.6884925961494446
resnet50,integrated_gradients,16,data\chest_xray\test\PNEUMONIA\person54_virus_109.jpeg,1,-0.23540432751178741,0.7194064855575562
resnet50,integrated_gradients,17,data\chest_xray\test\NORMAL\NORMAL2-IM-0277-0001.jpeg,0,0.16440349817276,0.6895788908004761
resnet50,integrated_gradients,18,data\chest_xray\test\PNEUMONIA\person1633_virus_2829.jpeg,1,-0.10812409967184067,0.7438483238220215
resnet50,integrated_gradients,19,data\chest_xray\test\PNEUMONIA\person1685_virus_2903.jpeg,1,0.19964076578617096,0.7000600099563599
resnet50,integrated_gradients,20,data\chest_xray\test\NORMAL\NORMAL2-IM-0359-0001.jpeg,0,-0.06619174033403397,0.7043845057487488
resnet50,integrated_gradients,21,data\chest_xray\test\PNEUMONIA\person78_bacteria_387.jpeg,1,0.2760346829891205,0.7299515008926392
resnet50,integrated_gradients,22,data\chest_xray\test\PNEUMONIA\person56_virus_112.jpeg,1,-0.062109727412462234,0.7534490823745728
resnet50,integrated_gradients,23,data\chest_xray\test\NORMAL\NORMAL2-IM-0141-0001.jpeg,0,0.19339387118816376,0.7123706340789795
resnet50,integrated_gradients,24,data\chest_xray\test\PNEUMONIA\person121_bacteria_579.jpeg,1,0.08962856978178024,0.7104130983352661
resnet50,integrated_gradients,25,data\chest_xray\test\NORMAL\NORMAL2-IM-0275-0001.jpeg,0,-0.16811808943748474,0.682899534702301
resnet50,integrated_gradients,26,data\chest_xray\test\NORMAL\NORMAL2-IM-0072-0001.jpeg,0,-0.12225174158811569,0.7608469724655151
resnet50,integrated_gradients,27,data\chest_xray\test\PNEUMONIA\person28_virus_63.jpeg,1,-0.1279953271150589,0.7081491351127625
resnet50,integrated_gradients,28,data\chest_xray\test\PNEUMONIA\person3_virus_16.jpeg,1,0.31565189361572266,0.6799637675285339
resnet50,integrated_gradients,29,data\chest_xray\test\NORMAL\NORMAL2-IM-0351-0001.jpeg,0,0.07792401313781738,0.710751473903656
resnet50,integrated_gradients,30,data\chest_xray\test\PNEUMONIA\person81_bacteria_398.jpeg,1,0.057301416993141174,0.7184258103370667
resnet50,integrated_gradients,31,data\chest_xray\test\PNEUMONIA\person85_bacteria_423.jpeg,1,0.2606392502784729,0.7333492040634155
resnet50,integrated_gradients,32,data\chest_xray\test\PNEUMONIA\person63_virus_121.jpeg,1,-0.028649071231484413,0.7027163505554199
resnet50,integrated_gradients,33,data\chest_xray\test\NORMAL\NORMAL2-IM-0073-0001.jpeg,0,0.21702586114406586,0.7148711681365967
resnet50,integrated_gradients,34,data\chest_xray\test\PNEUMONIA\person152_bacteria_724.jpeg,1,0.3277900815010071,0.7346824407577515
resnet50,integrated_gradients,35,data\chest_xray\test\NORMAL\NORMAL2-IM-0312-0001.jpeg,0,0.011212251149117947,0.6474053263664246
resnet50,integrated_gradients,36,data\chest_xray\test\PNEUMONIA\person78_bacteria_380.jpeg,1,0.20816589891910553,0.7467184066772461
resnet50,integrated_gradients,37,data\chest_xray\test\PNEUMONIA\person124_bacteria_590.jpeg,1,0.18574678897857666,0.7254308462142944
resnet50,integrated_gradients,38,data\chest_xray\test\PNEUMONIA\person158_bacteria_744.jpeg,1,0.04984840378165245,0.716365396976471
resnet50,integrated_gradients,39,data\chest_xray\test\NORMAL\NORMAL2-IM-0330-0001.jpeg,0,0.20451876521110535,0.7058046460151672
resnet50,integrated_gradients,40,data\chest_xray\test\NORMAL\IM-0050-0001.jpeg,0,0.2564517557621002,0.6703211069107056
resnet50,integrated_gradients,41,data\chest_xray\test\PNEUMONIA\person109_bacteria_526.jpeg,1,-0.0908796414732933,0.769287645816803
resnet50,integrated_gradients,42,data\chest_xray\test\NORMAL\IM-0110-0001.jpeg,0,0.07666755467653275,0.6832142472267151
resnet50,integrated_gradients,43,data\chest_xray\test\NORMAL\NORMAL2-IM-0319-0001.jpeg,0,0.16506679356098175,0.7505383491516113
resnet50,integrated_gradients,44,data\chest_xray\test\NORMAL\NORMAL2-IM-0360-0001.jpeg,0,0.20954054594039917,0.7724950313568115
resnet50,integrated_gradients,45,data\chest_xray\test\PNEUMONIA\person1_virus_8.jpeg,1,0.394412100315094,0.7076833844184875
resnet50,integrated_gradients,46,data\chest_xray\test\PNEUMONIA\person171_bacteria_826.jpeg,1,0.12680433690547943,0.7270188331604004
resnet50,integrated_gradients,47,data\chest_xray\test\PNEUMONIA\person113_bacteria_543.jpeg,1,0.22575914859771729,0.6942416429519653
resnet50,integrated_gradients,48,data\chest_xray\test\NORMAL\NORMAL2-IM-0139-0001.jpeg,0,-0.06631092727184296,0.6968029141426086
resnet50,integrated_gradients,49,data\chest_xray\test\PNEUMONIA\person139_bacteria_661.jpeg,1,-0.18458816409111023,0.7157939672470093
resnet50,integrated_gradients,50,data\chest_xray\test\PNEUMONIA\person45_virus_95.jpeg,1,0.015459130518138409,0.7933856844902039
resnet50,integrated_gradients,51,data\chest_xray\test\PNEUMONIA\person134_bacteria_642.jpeg,1,0.2390580028295517,0.7070611119270325
resnet50,integrated_gradients,52,data\chest_xray\test\NORMAL\IM-0093-0001.jpeg,0,0.12329654395580292,0.7136662602424622
resnet50,integrated_gradients,53,data\chest_xray\test\NORMAL\NORMAL2-IM-0370-0001.jpeg,0,-0.2044527381658554,0.7161560654640198
resnet50,integrated_gradients,54,data\chest_xray\test\PNEUMONIA\person31_virus_70.jpeg,1,-0.10342899709939957,0.7089433670043945
resnet50,integrated_gradients,55,data\chest_xray\test\PNEUMONIA\person114_bacteria_546.jpeg,1,0.1889476478099823,0.7459174394607544
resnet50,integrated_gradients,56,data\chest_xray\test\PNEUMONIA\person80_bacteria_393.jpeg,1,0.259159117937088,0.7858160138130188
resnet50,integrated_gradients,57,data\chest_xray\test\PNEUMONIA\person38_virus_83.jpeg,1,0.02259988524019718,0.693241536617279
resnet50,integrated_gradients,58,data\chest_xray\test\PNEUMONIA\person1625_virus_2817.jpeg,1,0.17352251708507538,0.7023206949234009
resnet50,integrated_gradients,59,data\chest_xray\test\PNEUMONIA\person83_bacteria_414.jpeg,1,-0.014274833723902702,0.7315350770950317
resnet50,integrated_gradients,60,data\chest_xray\test\NORMAL\NORMAL2-IM-0380-0001.jpeg,0,0.2262050211429596,0.6847480535507202
resnet50,integrated_gradients,61,data\chest_xray\test\PNEUMONIA\person1626_virus_2818.jpeg,1,0.12070662528276443,0.6921636462211609
resnet50,integrated_gradients,62,data\chest_xray\test\PNEUMONIA\person22_virus_55.jpeg,1,0.26225706934928894,0.7260003089904785
resnet50,integrated_gradients,63,data\chest_xray\test\PNEUMONIA\person18_virus_49.jpeg,1,0.15663710236549377,0.6652982831001282
resnet50,integrated_gradients,64,data\chest_xray\test\NORMAL\NORMAL2-IM-0276-0001.jpeg,0,-0.09123494476079941,0.6498528122901917
resnet50,integrated_gradients,65,data\chest_xray\test\PNEUMONIA\person150_bacteria_717.jpeg,1,0.024815388023853302,0.7345749735832214
resnet50,integrated_gradients,66,data\chest_xray\test\NORMAL\IM-0089-0001.jpeg,0,0.027157194912433624,0.7294789552688599
resnet50,integrated_gradients,67,data\chest_xray\test\NORMAL\IM-0073-0001.jpeg,0,-0.027937065809965134,0.7435754537582397
resnet50,integrated_gradients,68,data\chest_xray\test\PNEUMONIA\person82_bacteria_404.jpeg,1,0.04538559168577194,0.6964322328567505
resnet50,integrated_gradients,69,data\chest_xray\test\NORMAL\IM-0023-0001.jpeg,0,-0.015247202478349209,0.6929546594619751
resnet50,integrated_gradients,70,data\chest_xray\test\NORMAL\NORMAL2-IM-0354-0001.jpeg,0,0.007273105904459953,0.7291507124900818
resnet50,integrated_gradients,71,data\chest_xray\test\PNEUMONIA\person138_bacteria_659.jpeg,1,0.0681142583489418,0.678989589214325
resnet50,integrated_gradients,72,data\chest_xray\test\PNEUMONIA\person50_virus_102.jpeg,1,0.15398429334163666,0.7245451211929321
resnet50,integrated_gradients,73,data\chest_xray\test\PNEUMONIA\person113_bacteria_542.jpeg,1,0.2324790358543396,0.7476741075515747
resnet50,integrated_gradients,74,data\chest_xray\test\PNEUMONIA\person111_bacteria_533.jpeg,1,0.2419476956129074,0.7350843548774719
resnet50,integrated_gradients,75,data\chest_xray\test\PNEUMONIA\person103_bacteria_489.jpeg,1,0.033596355468034744,0.6939088106155396
resnet50,integrated_gradients,76,data\chest_xray\test\NORMAL\IM-0049-0001.jpeg,0,0.21587637066841125,0.7976153492927551
resnet50,integrated_gradients,77,data\chest_xray\test\PNEUMONIA\person157_bacteria_740.jpeg,1,-0.039490070194005966,0.6846243143081665
resnet50,integrated_gradients,78,data\chest_xray\test\NORMAL\NORMAL2-IM-0337-0001.jpeg,0,0.06314321607351303,0.6737481951713562
resnet50,integrated_gradients,79,data\chest_xray\test\PNEUMONIA\person155_bacteria_730.jpeg,1,-0.10585799813270569,0.7006253600120544
resnet50,integrated_gradients,80,data\chest_xray\test\NORMAL\NORMAL2-IM-0019-0001.jpeg,0,-0.050913628190755844,0.7270644307136536
resnet50,integrated_gradients,81,data\chest_xray\test\PNEUMONIA\person71_virus_132.jpeg,1,-0.19659560918807983,0.6965282559394836
resnet50,integrated_gradients,82,data\chest_xray\test\PNEUMONIA\person85_bacteria_419.jpeg,1,0.22864268720149994,0.6983239054679871
resnet50,integrated_gradients,83,data\chest_xray\test\PNEUMONIA\person49_virus_101.jpeg,1,0.2738913893699646,0.6947051882743835
resnet50,integrated_gradients,84,data\chest_xray\test\PNEUMONIA\person150_bacteria_716.jpeg,1,0.05969139561057091,0.7235502004623413
resnet50,integrated_gradients,85,data\chest_xray\test\PNEUMONIA\person95_bacteria_463.jpeg,1,0.19668808579444885,0.7159414291381836
resnet50,integrated_gradients,86,data\chest_xray\test\NORMAL\NORMAL2-IM-0341-0001.jpeg,0,0.228343203663826,0.6842791438102722
resnet50,integrated_gradients,87,data\chest_xray\test\NORMAL\NORMAL2-IM-0315-0001.jpeg,0,0.21512264013290405,0.7065901160240173
resnet50,integrated_gradients,88,data\chest_xray\test\PNEUMONIA\person1641_virus_2840.jpeg,1,0.0737297460436821,0.7231866121292114
resnet50,integrated_gradients,89,data\chest_xray\test\PNEUMONIA\person1645_virus_2845.jpeg,1,0.22777658700942993,0.7124062180519104
resnet50,integrated_gradients,90,data\chest_xray\test\PNEUMONIA\person37_virus_82.jpeg,1,0.23262086510658264,0.7141760587692261
resnet50,integrated_gradients,91,data\chest_xray\test\PNEUMONIA\person1662_virus_2875.jpeg,1,-0.054410021752119064,0.7220240235328674
resnet50,integrated_gradients,92,data\chest_xray\test\PNEUMONIA\person78_bacteria_384.jpeg,1,0.3598949909210205,0.7317672967910767
resnet50,integrated_gradients,93,data\chest_xray\test\PNEUMONIA\person69_virus_129.jpeg,1,0.24525636434555054,0.7690397500991821
resnet50,integrated_gradients,94,data\chest_xray\test\PNEUMONIA\person145_bacteria_696.jpeg,1,-0.25374487042427063,0.7124192118644714
resnet50,integrated_gradients,95,data\chest_xray\test\PNEUMONIA\person24_virus_58.jpeg,1,-0.13344353437423706,0.7458022832870483
resnet50,integrated_gradients,96,data\chest_xray\test\NORMAL\NORMAL2-IM-0249-0001.jpeg,0,-0.19153329730033875,0.8651891946792603
resnet50,integrated_gradients,97,data\chest_xray\test\NORMAL\NORMAL2-IM-0297-0001.jpeg,0,0.07636017352342606,0.6735907793045044
resnet50,integrated_gradients,98,data\chest_xray\test\PNEUMONIA\person120_bacteria_570.jpeg,1,0.17214281857013702,0.7194881439208984
resnet50,integrated_gradients,99,data\chest_xray\test\PNEUMONIA\person130_bacteria_627.jpeg,1,0.27071043848991394,0.7226756811141968
resnet50,integrated_gradients,100,data\chest_xray\test\NORMAL\IM-0109-0001.jpeg,0,0.08756672590970993,0.6834535002708435
resnet50,integrated_gradients,101,data\chest_xray\test\NORMAL\NORMAL2-IM-0196-0001.jpeg,0,0.09816192090511322,0.6990785002708435
resnet50,integrated_gradients,102,data\chest_xray\test\PNEUMONIA\person119_bacteria_566.jpeg,1,0.2684857249259949,0.7302733063697815
resnet50,integrated_gradients,103,data\chest_xray\test\PNEUMONIA\person1674_virus_2890.jpeg,1,0.08759482204914093,0.7280409336090088
resnet50,integrated_gradients,104,data\chest_xray\test\NORMAL\IM-0063-0001.jpeg,0,0.3133493661880493,0.6777650713920593
resnet50,integrated_gradients,105,data\chest_xray\test\PNEUMONIA\person33_virus_72.jpeg,1,-0.07046694308519363,0.7455888986587524
resnet50,integrated_gradients,106,data\chest_xray\test\PNEUMONIA\person127_bacteria_603.jpeg,1,0.10864909738302231,0.7071724534034729
resnet50,integrated_gradients,107,data\chest_xray\test\NORMAL\NORMAL2-IM-0333-0001.jpeg,0,0.20549088716506958,0.6765397787094116
resnet50,integrated_gradients,108,data\chest_xray\test\PNEUMONIA\person108_bacteria_504.jpeg,1,0.2701490521430969,0.6995099782943726
resnet50,integrated_gradients,109,data\chest_xray\test\PNEUMONIA\person78_bacteria_378.jpeg,1,0.4627282917499542,0.7106013298034668
resnet50,integrated_gradients,110,data\chest_xray\test\PNEUMONIA\person139_bacteria_663.jpeg,1,0.16634508967399597,0.759179949760437
resnet50,integrated_gradients,111,data\chest_xray\test\PNEUMONIA\person173_bacteria_831.jpeg,1,0.1949136108160019,0.7001118659973145
resnet50,integrated_gradients,112,data\chest_xray\test\PNEUMONIA\person76_virus_138.jpeg,1,-0.09312639385461807,0.6855630278587341
resnet50,integrated_gradients,113,data\chest_xray\test\PNEUMONIA\person3_virus_17.jpeg,1,-0.2753790616989136,0.684517502784729
resnet50,integrated_gradients,114,data\chest_xray\test\PNEUMONIA\person80_bacteria_391.jpeg,1,0.07064801454544067,0.732150673866272
resnet50,integrated_gradients,115,data\chest_xray\test\NORMAL\NORMAL2-IM-0059-0001.jpeg,0,0.2649722993373871,0.6924256086349487
resnet50,integrated_gradients,116,data\chest_xray\test\PNEUMONIA\person14_virus_44.jpeg,1,0.06930556148290634,0.6873656511306763
resnet50,integrated_gradients,117,data\chest_xray\test\PNEUMONIA\person152_bacteria_721.jpeg,1,0.06043704226613045,0.703757643699646
resnet50,integrated_gradients,118,data\chest_xray\test\PNEUMONIA\person140_bacteria_667.jpeg,1,0.1499352604150772,0.6909402012825012
resnet50,integrated_gradients,119,data\chest_xray\test\PNEUMONIA\person97_bacteria_468.jpeg,1,0.1480463743209839,0.6794917583465576
resnet50,integrated_gradients,120,data\chest_xray\test\NORMAL\NORMAL2-IM-0256-0001.jpeg,0,0.04829604551196098,0.7082447409629822
resnet50,integrated_gradients,121,data\chest_xray\test\PNEUMONIA\person1669_virus_2884.jpeg,1,-0.08925652503967285,0.7232959270477295
resnet50,integrated_gradients,122,data\chest_xray\test\PNEUMONIA\person130_bacteria_626.jpeg,1,0.008244311437010765,0.7055752277374268
resnet50,integrated_gradients,123,data\chest_xray\test\PNEUMONIA\person34_virus_76.jpeg,1,0.21620240807533264,0.6771528720855713
resnet50,integrated_gradients,124,data\chest_xray\test\NORMAL\IM-0006-0001.jpeg,0,0.07595586776733398,0.6822414398193359
resnet50,integrated_gradients,125,data\chest_xray\test\NORMAL\NORMAL2-IM-0028-0001.jpeg,0,0.0652003139257431,0.6752206087112427
resnet50,integrated_gradients,126,data\chest_xray\test\PNEUMONIA\person1665_virus_2878.jpeg,1,0.3166324496269226,0.7096603512763977
resnet50,integrated_gradients,127,data\chest_xray\test\PNEUMONIA\person175_bacteria_833.jpeg,1,-0.07183590531349182,0.7328680753707886
resnet50,integrated_gradients,128,data\chest_xray\test\NORMAL\NORMAL2-IM-0079-0001.jpeg,0,0.0850091353058815,0.6847227811813354
resnet50,integrated_gradients,129,data\chest_xray\test\NORMAL\NORMAL2-IM-0378-0001.jpeg,0,-0.05147077515721321,0.6699281334877014
resnet50,integrated_gradients,130,data\chest_xray\test\NORMAL\IM-0021-0001.jpeg,0,-0.05316806957125664,0.6961345076560974
resnet50,integrated_gradients,131,data\chest_xray\test\NORMAL\IM-0043-0001.jpeg,0,0.28161078691482544,0.7002414464950562
resnet50,integrated_gradients,132,data\chest_xray\test\PNEUMONIA\person140_bacteria_668.jpeg,1,-0.23648613691329956,0.6801467537879944
resnet50,integrated_gradients,133,data\chest_xray\test\PNEUMONIA\person128_bacteria_605.jpeg,1,0.17112240195274353,0.699271023273468
resnet50,integrated_gradients,134,data\chest_xray\test\NORMAL\NORMAL2-IM-0348-0001.jpeg,0,0.09180282801389694,0.6835319995880127
resnet50,integrated_gradients,135,data\chest_xray\test\PNEUMONIA\person136_bacteria_654.jpeg,1,0.206110879778862,0.7378698587417603
resnet50,integrated_gradients,136,data\chest_xray\test\PNEUMONIA\person117_bacteria_553.jpeg,1,0.3489994704723358,0.7415569424629211
resnet50,integrated_gradients,137,data\chest_xray\test\PNEUMONIA\person1_virus_6.jpeg,1,-0.022385817021131516,0.7416053414344788
resnet50,integrated_gradients,138,data\chest_xray\test\NORMAL\NORMAL2-IM-0045-0001.jpeg,0,0.18784499168395996,0.6980015635490417
resnet50,integrated_gradients,139,data\chest_xray\test\NORMAL\IM-0107-0001.jpeg,0,0.3011116683483124,0.6900825500488281
resnet50,integrated_gradients,140,data\chest_xray\test\PNEUMONIA\person1670_virus_2886.jpeg,1,0.39506855607032776,0.6978919506072998
resnet50,integrated_gradients,141,data\chest_xray\test\PNEUMONIA\person1618_virus_2805.jpeg,1,0.11749418824911118,0.7145600318908691
resnet50,integrated_gradients,142,data\chest_xray\test\PNEUMONIA\person90_bacteria_442.jpeg,1,0.14603154361248016,0.7122156023979187
resnet50,integrated_gradients,143,data\chest_xray\test\NORMAL\NORMAL2-IM-0288-0001.jpeg,0,-0.041569050401449203,0.6788191199302673
resnet50,integrated_gradients,144,data\chest_xray\test\PNEUMONIA\person158_bacteria_745.jpeg,1,0.24742254614830017,0.6850806474685669
resnet50,integrated_gradients,145,data\chest_xray\test\NORMAL\IM-0045-0001.jpeg,0,0.22761021554470062,0.6617932915687561
resnet50,integrated_gradients,146,data\chest_xray\test\PNEUMONIA\person1653_virus_2858.jpeg,1,-0.22969473898410797,0.7489418983459473
resnet50,integrated_gradients,147,data\chest_xray\test\NORMAL\IM-0081-0001.jpeg,0,0.014311764389276505,0.6925795078277588
resnet50,integrated_gradients,148,data\chest_xray\test\PNEUMONIA\person25_virus_59.jpeg,1,0.1844731867313385,0.7058533430099487
resnet50,integrated_gradients,149,data\chest_xray\test\NORMAL\NORMAL2-IM-0368-0001.jpeg,0,0.1531454622745514,0.7046527862548828
resnet50,integrated_gradients,150,data\chest_xray\test\PNEUMONIA\person3_virus_15.jpeg,1,0.02029300667345524,0.725738525390625
resnet50,integrated_gradients,151,data\chest_xray\test\PNEUMONIA\person1631_virus_2826.jpeg,1,0.2839202582836151,0.7012218832969666
resnet50,integrated_gradients,152,data\chest_xray\test\PNEUMONIA\person90_bacteria_443.jpeg,1,0.3019029498100281,0.7294051051139832
resnet50,integrated_gradients,153,data\chest_xray\test\PNEUMONIA\person113_bacteria_541.jpeg,1,0.11691252142190933,0.7222883105278015
resnet50,integrated_gradients,154,data\chest_xray\test\PNEUMONIA\person30_virus_69.jpeg,1,0.31654074788093567,0.6559810042381287
resnet50,integrated_gradients,155,data\chest_xray\test\PNEUMONIA\person124_bacteria_589.jpeg,1,0.018103018403053284,0.7134571075439453
resnet50,integrated_gradients,156,data\chest_xray\test\PNEUMONIA\person137_bacteria_655.jpeg,1,-0.16631218791007996,0.7674509286880493
resnet50,integrated_gradients,157,data\chest_xray\test\PNEUMONIA\person41_virus_88.jpeg,1,0.27284932136535645,0.7112083435058594
resnet50,integrated_gradients,158,data\chest_xray\test\NORMAL\NORMAL2-IM-0345-0001.jpeg,0,-0.38289955258369446,0.7192857265472412
resnet50,integrated_gradients,159,data\chest_xray\test\PNEUMONIA\person146_bacteria_700.jpeg,1,-0.03792233392596245,0.7033082842826843
resnet50,integrated_gradients,160,data\chest_xray\test\PNEUMONIA\person109_bacteria_527.jpeg,1,0.21736064553260803,0.7187730073928833
resnet50,integrated_gradients,161,data\chest_xray\test\NORMAL\IM-0071-0001.jpeg,0,0.33665627241134644,0.7285270094871521
resnet50,integrated_gradients,162,data\chest_xray\test\PNEUMONIA\person1615_virus_2801.jpeg,1,0.030808527022600174,0.7036063075065613
resnet50,integrated_gradients,163,data\chest_xray\test\PNEUMONIA\person1647_virus_2848.jpeg,1,0.31639283895492554,0.6930131316184998
resnet50,integrated_gradients,164,data\chest_xray\test\NORMAL\NORMAL2-IM-0323-0001.jpeg,0,0.08478475362062454,0.7184062004089355
resnet50,integrated_gradients,165,data\chest_xray\test\PNEUMONIA\person59_virus_116.jpeg,1,0.18976402282714844,0.6904017329216003
resnet50,integrated_gradients,166,data\chest_xray\test\PNEUMONIA\person96_bacteria_464.jpeg,1,0.2748070955276489,0.688197910785675
resnet50,integrated_gradients,167,data\chest_xray\test\PNEUMONIA\person173_bacteria_830.jpeg,1,-0.03050600364804268,0.7703933119773865
resnet50,integrated_gradients,168,data\chest_xray\test\NORMAL\NORMAL2-IM-0251-0001.jpeg,0,0.27847158908843994,0.6980380415916443
resnet50,integrated_gradients,169,data\chest_xray\test\PNEUMONIA\person161_bacteria_759.jpeg,1,0.15084689855575562,0.7124120593070984
resnet50,integrated_gradients,170,data\chest_xray\test\PNEUMONIA\person161_bacteria_762.jpeg,1,0.09123407304286957,0.7536575198173523
resnet50,integrated_gradients,171,data\chest_xray\test\PNEUMONIA\person109_bacteria_513.jpeg,1,0.5451368689537048,0.703281044960022
resnet50,integrated_gradients,172,data\chest_xray\test\PNEUMONIA\person51_virus_105.jpeg,1,0.14011019468307495,0.7088764905929565
resnet50,integrated_gradients,173,data\chest_xray\test\NORMAL\IM-0033-0001-0002.jpeg,0,0.08627836406230927,0.6655296087265015
resnet50,integrated_gradients,174,data\chest_xray\test\PNEUMONIA\person111_bacteria_535.jpeg,1,0.12738844752311707,0.726040244102478
resnet50,integrated_gradients,175,data\chest_xray\test\NORMAL\IM-0016-0001.jpeg,0,0.10040834546089172,0.6836630702018738
resnet50,integrated_gradients,176,data\chest_xray\test\PNEUMONIA\person78_bacteria_385.jpeg,1,-0.1928720623254776,0.6953396797180176
resnet50,integrated_gradients,177,data\chest_xray\test\PNEUMONIA\person1659_virus_2867.jpeg,1,-0.07342685014009476,0.7448142170906067
resnet50,integrated_gradients,178,data\chest_xray\test\PNEUMONIA\person135_bacteria_647.jpeg,1,0.19965945184230804,0.7862089276313782
resnet50,integrated_gradients,179,data\chest_xray\test\NORMAL\NORMAL2-IM-0329-0001.jpeg,0,-0.1564406156539917,0.6878749132156372
resnet50,integrated_gradients,180,data\chest_xray\test\PNEUMONIA\person1642_virus_2842.jpeg,1,0.19724120199680328,0.70205157995224
resnet50,integrated_gradients,181,data\chest_xray\test\PNEUMONIA\person91_bacteria_445.jpeg,1,-0.07516168802976608,0.7274520993232727
resnet50,integrated_gradients,182,data\chest_xray\test\NORMAL\NORMAL2-IM-0092-0001.jpeg,0,-0.21261917054653168,0.7665367126464844
resnet50,integrated_gradients,183,data\chest_xray\test\PNEUMONIA\person108_bacteria_507.jpeg,1,0.054066743701696396,0.6708584427833557
resnet50,integrated_gradients,184,data\chest_xray\test\PNEUMONIA\person147_bacteria_705.jpeg,1,-0.10372402518987656,0.720436692237854
resnet50,integrated_gradients,185,data\chest_xray\test\NORMAL\NORMAL2-IM-0086-0001.jpeg,0,-0.02833370864391327,0.6975357532501221
resnet50,integrated_gradients,186,data\chest_xray\test\NORMAL\NORMAL2-IM-0267-0001.jpeg,0,0.13922396302223206,0.723271369934082
resnet50,integrated_gradients,187,data\chest_xray\test\PNEUMONIA\person83_bacteria_410.jpeg,1,-0.007468927185982466,0.7821654081344604
resnet50,integrated_gradients,188,data\chest_xray\test\PNEUMONIA\person99_bacteria_474.jpeg,1,0.00042553257662802935,0.7318599820137024
resnet50,integrated_gradients,189,data\chest_xray\test\PNEUMONIA\person17_virus_48.jpeg,1,0.12924419343471527,0.7074793577194214
resnet50,integrated_gradients,190,data\chest_xray\test\NORMAL\NORMAL2-IM-0331-0001.jpeg,0,-0.07387188822031021,0.6759803891181946
resnet50,integrated_gradients,191,data\chest_xray\test\PNEUMONIA\person128_bacteria_607.jpeg,1,-0.10714913159608841,0.7265192866325378
resnet50,integrated_gradients,192,data\chest_xray\test\NORMAL\NORMAL2-IM-0171-0001.jpeg,0,-0.04009191691875458,0.7115434408187866
resnet50,integrated_gradients,193,data\chest_xray\test\PNEUMONIA\person70_virus_130.jpeg,1,0.31632524728775024,0.7021666765213013
resnet50,integrated_gradients,194,data\chest_xray\test\NORMAL\NORMAL2-IM-0132-0001.jpeg,0,-0.2664214074611664,0.7633453011512756
resnet50,integrated_gradients,195,data\chest_xray\test\PNEUMONIA\person92_bacteria_450.jpeg,1,-0.009004821069538593,0.7580591440200806
resnet50,integrated_gradients,196,data\chest_xray\test\PNEUMONIA\person22_virus_54.jpeg,1,0.2553209662437439,0.7378110885620117
resnet50,integrated_gradients,197,data\chest_xray\test\PNEUMONIA\person117_bacteria_557.jpeg,1,-0.016423877328634262,0.6899914145469666
resnet50,integrated_gradients,198,data\chest_xray\test\NORMAL\IM-0025-0001.jpeg,0,0.13122883439064026,0.6763976812362671
resnet50,integrated_gradients,199,data\chest_xray\test\PNEUMONIA\person142_bacteria_682.jpeg,1,0.05902663245797157,0.7545461058616638
resnet50,integrated_gradients,200,data\chest_xray\test\PNEUMONIA\person28_virus_62.jpeg,1,-0.10059467703104019,0.7147375345230103
resnet50,integrated_gradients,201,data\chest_xray\test\PNEUMONIA\person158_bacteria_743.jpeg,1,0.10655692219734192,0.715681791305542
resnet50,integrated_gradients,202,data\chest_xray\test\NORMAL\NORMAL2-IM-0013-0001.jpeg,0,0.06678685545921326,0.7172765731811523
resnet50,integrated_gradients,203,data\chest_xray\test\NORMAL\NORMAL2-IM-0310-0001.jpeg,0,0.26728513836860657,0.7757649421691895
resnet50,integrated_gradients,204,data\chest_xray\test\NORMAL\NORMAL2-IM-0366-0001.jpeg,0,-0.23457321524620056,0.7401208281517029
resnet50,integrated_gradients,205,data\chest_xray\test\PNEUMONIA\person1634_virus_2830.jpeg,1,0.494173526763916,0.7308849096298218
resnet50,integrated_gradients,206,data\chest_xray\test\NORMAL\NORMAL2-IM-0309-0001.jpeg,0,0.28955596685409546,0.6753983497619629
resnet50,integrated_gradients,207,data\chest_xray\test\NORMAL\IM-0075-0001.jpeg,0,0.001202682382427156,0.6952375173568726
resnet50,integrated_gradients,208,data\chest_xray\test\PNEUMONIA\person75_virus_136.jpeg,1,-0.1736133098602295,0.7350493669509888
resnet50,integrated_gradients,209,data\chest_xray\test\PNEUMONIA\person101_bacteria_484.jpeg,1,0.16225306689739227,0.6975347995758057
resnet50,integrated_gradients,210,data\chest_xray\test\PNEUMONIA\person149_bacteria_713.jpeg,1,-0.029332071542739868,0.7378453612327576
resnet50,integrated_gradients,211,data\chest_xray\test\NORMAL\NORMAL2-IM-0111-0001.jpeg,0,0.028728697448968887,0.6956135630607605
resnet50,integrated_gradients,212,data\chest_xray\test\NORMAL\NORMAL2-IM-0286-0001.jpeg,0,0.1731690764427185,0.6982915997505188
resnet50,integrated_gradients,213,data\chest_xray\test\PNEUMONIA\person157_bacteria_735.jpeg,1,0.3598242998123169,0.7657229900360107
resnet50,integrated_gradients,214,data\chest_xray\test\PNEUMONIA\person161_bacteria_757.jpeg,1,0.025234322994947433,0.7152317762374878
resnet50,integrated_gradients,215,data\chest_xray\test\PNEUMONIA\person8_virus_28.jpeg,1,-0.21419528126716614,0.7651552557945251
resnet50,integrated_gradients,216,data\chest_xray\test\PNEUMONIA\person130_bacteria_628.jpeg,1,-0.175828218460083,0.7482322454452515
resnet50,integrated_gradients,217,data\chest_xray\test\NORMAL\NORMAL2-IM-0195-0001.jpeg,0,-0.19993986189365387,0.6925971508026123
resnet50,integrated_gradients,218,data\chest_xray\test\NORMAL\NORMAL2-IM-0343-0001.jpeg,0,-0.025514427572488785,0.7836963534355164
resnet50,integrated_gradients,219,data\chest_xray\test\PNEUMONIA\person1660_virus_2869.jpeg,1,0.1437799036502838,0.7160386443138123
resnet50,integrated_gradients,220,data\chest_xray\test\PNEUMONIA\person120_bacteria_572.jpeg,1,0.17387795448303223,0.7185527086257935
resnet50,integrated_gradients,221,data\chest_xray\test\PNEUMONIA\person66_virus_125.jpeg,1,0.022274283692240715,0.728331983089447
resnet50,integrated_gradients,222,data\chest_xray\test\PNEUMONIA\person146_bacteria_704.jpeg,1,0.27809223532676697,0.7384772300720215
resnet50,integrated_gradients,223,data\chest_xray\test\PNEUMONIA\person131_bacteria_629.jpeg,1,0.24217191338539124,0.7192190289497375
resnet50,integrated_gradients,224,data\chest_xray\test\PNEUMONIA\person21_virus_53.jpeg,1,-0.19487984478473663,0.7005782723426819
resnet50,integrated_gradients,225,data\chest_xray\test\PNEUMONIA\person91_bacteria_447.jpeg,1,-0.11255389451980591,0.6987728476524353
resnet50,integrated_gradients,226,data\chest_xray\test\PNEUMONIA\person82_bacteria_405.jpeg,1,0.1528397798538208,0.7019745111465454
resnet50,integrated_gradients,227,data\chest_xray\test\PNEUMONIA\person153_bacteria_726.jpeg,1,-0.05675077065825462,0.7406876683235168
resnet50,integrated_gradients,228,data\chest_xray\test\PNEUMONIA\person94_bacteria_458.jpeg,1,0.07676224410533905,0.7595269083976746
resnet50,integrated_gradients,229,data\chest_xray\test\NORMAL\NORMAL2-IM-0374-0001-0001.jpeg,0,-0.16890913248062134,0.6797807216644287
resnet50,integrated_gradients,230,data\chest_xray\test\PNEUMONIA\person111_bacteria_534.jpeg,1,0.2916192412376404,0.7007967829704285
resnet50,integrated_gradients,231,data\chest_xray\test\PNEUMONIA\person1635_virus_2831.jpeg,1,-0.03237061947584152,0.758506715297699
resnet50,integrated_gradients,232,data\chest_xray\test\NORMAL\NORMAL2-IM-0305-0001.jpeg,0,0.052005160599946976,0.6727446913719177
resnet50,integrated_gradients,233,data\chest_xray\test\PNEUMONIA\person122_bacteria_583.jpeg,1,0.02840634435415268,0.7214911580085754
resnet50,integrated_gradients,234,data\chest_xray\test\PNEUMONIA\person152_bacteria_720.jpeg,1,0.35480406880378723,0.7154039740562439
resnet50,integrated_gradients,235,data\chest_xray\test\NORMAL\NORMAL2-IM-0229-0001.jpeg,0,-0.048246730118989944,0.6976191997528076
resnet50,integrated_gradients,236,data\chest_xray\test\PNEUMONIA\person101_bacteria_486.jpeg,1,0.38279104232788086,0.7211462259292603
resnet50,integrated_gradients,237,data\chest_xray\test\PNEUMONIA\person1676_virus_2892.jpeg,1,0.053547412157058716,0.6777864694595337
resnet50,integrated_gradients,238,data\chest_xray\test\NORMAL\NORMAL2-IM-0123-0001.jpeg,0,-0.09148702770471573,0.6952321529388428
resnet50,integrated_gradients,239,data\chest_xray\test\PNEUMONIA\person138_bacteria_657.jpeg,1,0.2049286961555481,0.7551249861717224
resnet50,integrated_gradients,240,data\chest_xray\test\PNEUMONIA\person128_bacteria_608.jpeg,1,-0.17920303344726562,0.7046809196472168
resnet50,integrated_gradients,241,data\chest_xray\test\NORMAL\NORMAL2-IM-0052-0001.jpeg,0,0.1346033662557602,0.7489766478538513
resnet50,integrated_gradients,242,data\chest_xray\test\PNEUMONIA\person94_bacteria_456.jpeg,1,-0.05687734857201576,0.7009098529815674
resnet50,integrated_gradients,243,data\chest_xray\test\NORMAL\IM-0039-0001.jpeg,0,0.09941194206476212,0.7184563875198364
resnet50,integrated_gradients,244,data\chest_xray\test\PNEUMONIA\person119_bacteria_565.jpeg,1,0.08320378512144089,0.7160151600837708
resnet50,integrated_gradients,245,data\chest_xray\test\PNEUMONIA\person134_bacteria_643.jpeg,1,0.048669274896383286,0.7181606888771057
resnet50,integrated_gradients,246,data\chest_xray\test\NORMAL\NORMAL2-IM-0349-0001.jpeg,0,0.27626144886016846,0.7110034823417664
resnet50,integrated_gradients,247,data\chest_xray\test\NORMAL\IM-0084-0001.jpeg,0,0.21325330436229706,0.7031087875366211
resnet50,integrated_gradients,248,data\chest_xray\test\PNEUMONIA\person114_bacteria_544.jpeg,1,0.24856632947921753,0.7294869422912598
resnet50,integrated_gradients,249,data\chest_xray\test\PNEUMONIA\person122_bacteria_586.jpeg,1,0.07373610883951187,0.6894584894180298
resnet50,integrated_gradients,250,data\chest_xray\test\PNEUMONIA\person119_bacteria_567.jpeg,1,-0.08862093091011047,0.7542781233787537
resnet50,integrated_gradients,251,data\chest_xray\test\PNEUMONIA\person65_virus_123.jpeg,1,-0.005662521347403526,0.7751702666282654
resnet50,integrated_gradients,252,data\chest_xray\test\PNEUMONIA\person1628_virus_2821.jpeg,1,0.17893458902835846,0.7130839824676514
resnet50,integrated_gradients,253,data\chest_xray\test\NORMAL\IM-0036-0001.jpeg,0,0.11426211148500443,0.7365862131118774
resnet50,integrated_gradients,254,data\chest_xray\test\NORMAL\NORMAL2-IM-0282-0001.jpeg,0,-0.1431749314069748,0.7036830186843872
resnet50,integrated_gradients,255,data\chest_xray\test\PNEUMONIA\person154_bacteria_728.jpeg,1,-0.08908961713314056,0.7154248356819153
resnet50,grad_cam,0,data\chest_xray\test\NORMAL\IM-0079-0001.jpeg,0,0.09554684162139893,0.6696444153785706
resnet50,grad_cam,1,data\chest_xray\test\PNEUMONIA\person1668_virus_2882.jpeg,1,0.3868946135044098,0.7239243984222412
resnet50,grad_cam,2,data\chest_xray\test\NORMAL\NORMAL2-IM-0350-0001.jpeg,0,0.11055335402488708,0.6320868730545044
resnet50,grad_cam,3,data\chest_xray\test\PNEUMONIA\person21_virus_52.jpeg,1,0.05913866311311722,0.7040726542472839
resnet50,grad_cam,4,data\chest_xray\test\NORMAL\IM-0091-0001.jpeg,0,0.18885910511016846,0.6928786635398865
resnet50,grad_cam,5,data\chest_xray\test\PNEUMONIA\person122_bacteria_582.jpeg,1,0.07283558696508408,0.5788933038711548
resnet50,grad_cam,6,data\chest_xray\test\NORMAL\NORMAL2-IM-0302-0001.jpeg,0,-0.14012856781482697,0.6965421438217163
resnet50,grad_cam,7,data\chest_xray\test\PNEUMONIA\person147_bacteria_707.jpeg,1,0.06044991686940193,0.5660285949707031
resnet50,grad_cam,8,data\chest_xray\test\PNEUMONIA\person108_bacteria_506.jpeg,1,0.06618153303861618,0.638049304485321
resnet50,grad_cam,9,data\chest_xray\test\PNEUMONIA\person125_bacteria_594.jpeg,1,0.19015097618103027,0.5937698483467102
resnet50,grad_cam,10,data\chest_xray\test\NORMAL\NORMAL2-IM-0335-0001.jpeg,0,-0.11473027616739273,0.8024400472640991
resnet50,grad_cam,11,data\chest_xray\test\NORMAL\IM-0015-0001.jpeg,0,-0.06698539853096008,0.6682708263397217
resnet50,grad_cam,12,data\chest_xray\test\PNEUMONIA\person44_virus_94.jpeg,1,0.28218919038772583,0.7472124695777893
resnet50,grad_cam,13,data\chest_xray\test\NORMAL\NORMAL2-IM-0232-0001.jpeg,0,0.062179695814847946,0.5744146704673767
resnet50,grad_cam,14,data\chest_xray\test\PNEUMONIA\person109_bacteria_517.jpeg,1,0.05930208042263985,0.8811805248260498
resnet50,grad_cam,15,data\chest_xray\test\PNEUMONIA\person127_bacteria_604.jpeg,1,0.05193366855382919,0.6721869707107544
resnet50,grad_cam,16,data\chest_xray\test\PNEUMONIA\person54_virus_109.jpeg,1,0.33270177245140076,0.4943515658378601
resnet50,grad_cam,17,data\chest_xray\test\NORMAL\NORMAL2-IM-0277-0001.jpeg,0,0.08359995484352112,0.8304693102836609
resnet50,grad_cam,18,data\chest_xray\test\PNEUMONIA\person1633_virus_2829.jpeg,1,0.15485061705112457,0.6413090229034424
resnet50,grad_cam,19,data\chest_xray\test\PNEUMONIA\person1685_virus_2903.jpeg,1,0.04885648563504219,0.8289787173271179
resnet50,grad_cam,20,data\chest_xray\test\NORMAL\NORMAL2-IM-0359-0001.jpeg,0,0.29427263140678406,0.5458017587661743
resnet50,grad_cam,21,data\chest_xray\test\PNEUMONIA\person78_bacteria_387.jpeg,1,0.044603969901800156,0.5567940473556519
resnet50,grad_cam,22,data\chest_xray\test\PNEUMONIA\person56_virus_112.jpeg,1,0.12250475585460663,0.5453668832778931
resnet50,grad_cam,23,data\chest_xray\test\NORMAL\NORMAL2-IM-0141-0001.jpeg,0,0.15346919000148773,0.5151853561401367
resnet50,grad_cam,24,data\chest_xray\test\PNEUMONIA\person121_bacteria_579.jpeg,1,0.20015524327754974,0.6685660481452942
resnet50,grad_cam,25,data\chest_xray\test\NORMAL\NORMAL2-IM-0275-0001.jpeg,0,0.08991897851228714,0.652454674243927
resnet50,grad_cam,26,data\chest_xray\test\NORMAL\NORMAL2-IM-0072-0001.jpeg,0,0.05309627577662468,0.6984370946884155
resnet50,grad_cam,27,data\chest_xray\test\PNEUMONIA\person28_virus_63.jpeg,1,0.09976471960544586,0.7029950022697449
resnet50,grad_cam,28,data\chest_xray\test\PNEUMONIA\person3_virus_16.jpeg,1,-0.10386249423027039,0.42707371711730957
resnet50,grad_cam,29,data\chest_xray\test\NORMAL\NORMAL2-IM-0351-0001.jpeg,0,-0.061867330223321915,0.7924671769142151
resnet50,grad_cam,30,data\chest_xray\test\PNEUMONIA\person81_bacteria_398.jpeg,1,0.24312207102775574,0.48851484060287476
resnet50,grad_cam,31,data\chest_xray\test\PNEUMONIA\person85_bacteria_423.jpeg,1,0.379658967256546,0.6511732935905457
resnet50,grad_cam,32,data\chest_xray\test\PNEUMONIA\person63_virus_121.jpeg,1,0.2753828763961792,0.5880246758460999
resnet50,grad_cam,33,data\chest_xray\test\NORMAL\NORMAL2-IM-0073-0001.jpeg,0,-0.18024569749832153,0.8473612070083618
resnet50,grad_cam,34,data\chest_xray\test\PNEUMONIA\person152_bacteria_724.jpeg,1,0.12070679664611816,0.6989901065826416
resnet50,grad_cam,35,data\chest_xray\test\NORMAL\NORMAL2-IM-0312-0001.jpeg,0,0.06779813021421432,0.47626879811286926
resnet50,grad_cam,36,data\chest_xray\test\PNEUMONIA\person78_bacteria_380.jpeg,1,0.011191979981958866,0.49110540747642517
resnet50,grad_cam,37,data\chest_xray\test\PNEUMONIA\person124_bacteria_590.jpeg,1,-0.1779259592294693,0.7436970472335815
resnet50,grad_cam,38,data\chest_xray\test\PNEUMONIA\person158_bacteria_744.jpeg,1,0.195060595870018,0.5611953139305115
resnet50,grad_cam,39,data\chest_xray\test\NORMAL\NORMAL2-IM-0330-0001.jpeg,0,0.17261160910129547,0.5160123109817505
resnet50,grad_cam,40,data\chest_xray\test\NORMAL\IM-0050-0001.jpeg,0,-0.021736927330493927,0.4642360210418701
resnet50,grad_cam,41,data\chest_xray\test\PNEUMONIA\person109_bacteria_526.jpeg,1,0.23767895996570587,0.5401413440704346
resnet50,grad_cam,42,data\chest_xray\test\NORMAL\IM-0110-0001.jpeg,0,0.3210836350917816,0.754553496837616
resnet50,grad_cam,43,data\chest_xray\test\NORMAL\NORMAL2-IM-0319-0001.jpeg,0,0.0475425086915493,0.5857778787612915
resnet50,grad_cam,44,data\chest_xray\test\NORMAL\NORMAL2-IM-0360-0001.jpeg,0,0.16137699782848358,0.8003315925598145
resnet50,grad_cam,45,data\chest_xray\test\PNEUMONIA\person1_virus_8.jpeg,1,-0.0766129419207573,0.5354539155960083
resnet50,grad_cam,46,data\chest_xray\test\PNEUMONIA\person171_bacteria_826.jpeg,1,0.04647788032889366,0.6251595616340637
resnet50,grad_cam,47,data\chest_xray\test\PNEUMONIA\person113_bacteria_543.jpeg,1,0.36186695098876953,0.5796658396720886
resnet50,grad_cam,48,data\chest_xray\test\NORMAL\NORMAL2-IM-0139-0001.jpeg,0,-0.0655144453048706,0.4898085594177246
resnet50,grad_cam,49,data\chest_xray\test\PNEUMONIA\person139_bacteria_661.jpeg,1,0.0221243929117918,0.5565560460090637
resnet50,grad_cam,50,data\chest_xray\test\PNEUMONIA\person45_virus_95.jpeg,1,0.10226062685251236,0.6192158460617065
resnet50,grad_cam,51,data\chest_xray\test\PNEUMONIA\person134_bacteria_642.jpeg,1,-0.07854809612035751,1.1791976690292358
resnet50,grad_cam,52,data\chest_xray\test\NORMAL\IM-0093-0001.jpeg,0,-0.0828496441245079,0.7021452188491821
resnet50,grad_cam,53,data\chest_xray\test\NORMAL\NORMAL2-IM-0370-0001.jpeg,0,0.2475694864988327,0.4677788317203522
resnet50,grad_cam,54,data\chest_xray\test\PNEUMONIA\person31_virus_70.jpeg,1,0.07777819782495499,0.4824332892894745
resnet50,grad_cam,55,data\chest_xray\test\PNEUMONIA\person114_bacteria_546.jpeg,1,-0.2234264612197876,0.554214358329773
resnet50,grad_cam,56,data\chest_xray\test\PNEUMONIA\person80_bacteria_393.jpeg,1,0.026458028703927994,0.6285039186477661
resnet50,grad_cam,57,data\chest_xray\test\PNEUMONIA\person38_virus_83.jpeg,1,-0.19135542213916779,0.5164453387260437
resnet50,grad_cam,58,data\chest_xray\test\PNEUMONIA\person1625_virus_2817.jpeg,1,0.22891348600387573,0.5347080826759338
resnet50,grad_cam,59,data\chest_xray\test\PNEUMONIA\person83_bacteria_414.jpeg,1,-0.07173016667366028,0.6029496192932129
resnet50,grad_cam,60,data\chest_xray\test\NORMAL\NORMAL2-IM-0380-0001.jpeg,0,0.2606753408908844,0.5555974245071411
resnet50,grad_cam,61,data\chest_xray\test\PNEUMONIA\person1626_virus_2818.jpeg,1,0.32845741510391235,0.48694613575935364
resnet50,grad_cam,62,data\chest_xray\test\PNEUMONIA\person22_virus_55.jpeg,1,0.35278525948524475,0.511351466178894
resnet50,grad_cam,63,data\chest_xray\test\PNEUMONIA\person18_virus_49.jpeg,1,0.3056831359863281,0.639921247959137
resnet50,grad_cam,64,data\chest_xray\test\NORMAL\NORMAL2-IM-0276-0001.jpeg,0,0.13884952664375305,0.5171425938606262
resnet50,grad_cam,65,data\chest_xray\test\PNEUMONIA\person150_bacteria_717.jpeg,1,0.12271860986948013,0.9460849165916443
resnet50,grad_cam,66,data\chest_xray\test\NORMAL\IM-0089-0001.jpeg,0,0.32151904702186584,0.4003746211528778
resnet50,grad_cam,67,data\chest_xray\test\NORMAL\IM-0073-0001.jpeg,0,0.25060969591140747,0.7276785373687744
resnet50,grad_cam,68,data\chest_xray\test\PNEUMONIA\person82_bacteria_404.jpeg,1,0.526582658290863,0.5671510100364685
resnet50,grad_cam,69,data\chest_xray\test\NORMAL\IM-0023-0001.jpeg,0,-0.008557642810046673,0.806607723236084
resnet50,grad_cam,70,data\chest_xray\test\NORMAL\NORMAL2-IM-0354-0001.jpeg,0,0.23132067918777466,0.47925981879234314
resnet50,grad_cam,71,data\chest_xray\test\PNEUMONIA\person138_bacteria_659.jpeg,1,0.023439884185791016,0.8943207859992981
resnet50,grad_cam,72,data\chest_xray\test\PNEUMONIA\person50_virus_102.jpeg,1,0.20637302100658417,0.5275243520736694
resnet50,grad_cam,73,data\chest_xray\test\PNEUMONIA\person113_bacteria_542.jpeg,1,0.19403867423534393,0.723102331161499
resnet50,grad_cam,74,data\chest_xray\test\PNEUMONIA\person111_bacteria_533.jpeg,1,0.26386335492134094,0.5361325144767761
resnet50,grad_cam,75,data\chest_xray\test\PNEUMONIA\person103_bacteria_489.jpeg,1,-0.05637342482805252,0.6271763443946838
resnet50,grad_cam,76,data\chest_xray\test\NORMAL\IM-0049-0001.jpeg,0,0.14245320856571198,0.6242757439613342
resnet50,grad_cam,77,data\chest_xray\test\PNEUMONIA\person157_bacteria_740.jpeg,1,-0.029715297743678093,0.6368526816368103
resnet50,grad_cam,78,data\chest_xray\test\NORMAL\NORMAL2-IM-0337-0001.jpeg,0,0.3284846842288971,0.4038514196872711
resnet50,grad_cam,79,data\chest_xray\test\PNEUMONIA\person155_bacteria_730.jpeg,1,0.2302897572517395,0.6485594511032104
resnet50,grad_cam,80,data\chest_xray\test\NORMAL\NORMAL2-IM-0019-0001.jpeg,0,0.2099379003047943,0.7439276576042175
resnet50,grad_cam,81,data\chest_xray\test\PNEUMONIA\person71_virus_132.jpeg,1,0.04746678099036217,0.5636111497879028
resnet50,grad_cam,82,data\chest_xray\test\PNEUMONIA\person85_bacteria_419.jpeg,1,0.0038168246392160654,0.7360715270042419
resnet50,grad_cam,83,data\chest_xray\test\PNEUMONIA\person49_virus_101.jpeg,1,0.11928506940603256,0.5135470628738403
resnet50,grad_cam,84,data\chest_xray\test\PNEUMONIA\person150_bacteria_716.jpeg,1,-0.09973960369825363,0.862374484539032
resnet50,grad_cam,85,data\chest_xray\test\PNEUMONIA\person95_bacteria_463.jpeg,1,0.1463131457567215,0.633227527141571
resnet50,grad_cam,86,data\chest_xray\test\NORMAL\NORMAL2-IM-0341-0001.jpeg,0,0.42509931325912476,0.638093113899231
resnet50,grad_cam,87,data\chest_xray\test\NORMAL\NORMAL2-IM-0315-0001.jpeg,0,0.00965302623808384,0.670994222164154
resnet50,grad_cam,88,data\chest_xray\test\PNEUMONIA\person1641_virus_2840.jpeg,1,0.23982015252113342,0.96311354637146
resnet50,grad_cam,89,data\chest_xray\test\PNEUMONIA\person1645_virus_2845.jpeg,1,0.20085881650447845,0.5368107557296753
resnet50,grad_cam,90,data\chest_xray\test\PNEUMONIA\person37_virus_82.jpeg,1,0.2643614411354065,0.5189266204833984
resnet50,grad_cam,91,data\chest_xray\test\PNEUMONIA\person1662_virus_2875.jpeg,1,-0.032867953181266785,0.6058663725852966
resnet50,grad_cam,92,data\chest_xray\test\PNEUMONIA\person78_bacteria_384.jpeg,1,0.3797573447227478,0.6228887438774109
resnet50,grad_cam,93,data\chest_xray\test\PNEUMONIA\person69_virus_129.jpeg,1,0.11252077668905258,0.6177051067352295
resnet50,grad_cam,94,data\chest_xray\test\PNEUMONIA\person145_bacteria_696.jpeg,1,-0.08958318084478378,0.5675352215766907
resnet50,grad_cam,95,data\chest_xray\test\PNEUMONIA\person24_virus_58.jpeg,1,0.2644030749797821,0.5189552903175354
resnet50,grad_cam,96,data\chest_xray\test\NORMAL\NORMAL2-IM-0249-0001.jpeg,0,0.17390118539333344,0.9595836400985718
resnet50,grad_cam,97,data\chest_xray\test\NORMAL\NORMAL2-IM-0297-0001.jpeg,0,0.18506796658039093,0.5065498352050781
resnet50,grad_cam,98,data\chest_xray\test\PNEUMONIA\person120_bacteria_570.jpeg,1,-0.002211236860603094,0.45660415291786194
resnet50,grad_cam,99,data\chest_xray\test\PNEUMONIA\person130_bacteria_627.jpeg,1,0.3277485966682434,0.6580880880355835
resnet50,grad_cam,100,data\chest_xray\test\NORMAL\IM-0109-0001.jpeg,0,0.19542700052261353,0.5860610008239746
resnet50,grad_cam,101,data\chest_xray\test\NORMAL\NORMAL2-IM-0196-0001.jpeg,0,0.041519999504089355,0.7174813747406006
resnet50,grad_cam,102,data\chest_xray\test\PNEUMONIA\person119_bacteria_566.jpeg,1,0.11204759031534195,0.5212217569351196
resnet50,grad_cam,103,data\chest_xray\test\PNEUMONIA\person1674_virus_2890.jpeg,1,0.1587388664484024,0.6770499348640442
resnet50,grad_cam,104,data\chest_xray\test\NORMAL\IM-0063-0001.jpeg,0,0.2585580050945282,0.5160477161407471
resnet50,grad_cam,105,data\chest_xray\test\PNEUMONIA\person33_virus_72.jpeg,1,0.19959501922130585,0.6863182783126831
resnet50,grad_cam,106,data\chest_xray\test\PNEUMONIA\person127_bacteria_603.jpeg,1,-0.04747319221496582,0.5881431698799133
resnet50,grad_cam,107,data\chest_xray\test\NORMAL\NORMAL2-IM-0333-0001.jpeg,0,0.32302916049957275,0.553257405757904
resnet50,grad_cam,108,data\chest_xray\test\PNEUMONIA\person108_bacteria_504.jpeg,1,-0.06212104856967926,0.4707302451133728
resnet50,grad_cam,109,data\chest_xray\test\PNEUMONIA\person78_bacteria_378.jpeg,1,0.060756243765354156,0.4464665651321411
resnet50,grad_cam,110,data\chest_xray\test\PNEUMONIA\person139_bacteria_663.jpeg,1,-0.0006961397593840957,0.4137471318244934
resnet50,grad_cam,111,data\chest_xray\test\PNEUMONIA\person173_bacteria_831.jpeg,1,0.012950667180120945,0.6293961405754089
resnet50,grad_cam,112,data\chest_xray\test\PNEUMONIA\person76_virus_138.jpeg,1,0.15260355174541473,0.5227164626121521
resnet50,grad_cam,113,data\chest_xray\test\PNEUMONIA\person3_virus_17.jpeg,1,-0.005911995656788349,0.42342522740364075
resnet50,grad_cam,114,data\chest_xray\test\PNEUMONIA\person80_bacteria_391.jpeg,1,-0.09477446973323822,0.6444082856178284
resnet50,grad_cam,115,data\chest_xray\test\NORMAL\NORMAL2-IM-0059-0001.jpeg,0,0.09135491400957108,0.5439525842666626
resnet50,grad_cam,116,data\chest_xray\test\PNEUMONIA\person14_virus_44.jpeg,1,0.12165728956460953,0.42007777094841003
resnet50,grad_cam,117,data\chest_xray\test\PNEUMONIA\person152_bacteria_721.jpeg,1,-0.06377635896205902,0.6809471249580383
resnet50,grad_cam,118,data\chest_xray\test\PNEUMONIA\person140_bacteria_667.jpeg,1,0.07154341787099838,0.8401237726211548
resnet50,grad_cam,119,data\chest_xray\test\PNEUMONIA\person97_bacteria_468.jpeg,1,-0.05702613294124603,0.6760873198509216
resnet50,grad_cam,120,data\chest_xray\test\NORMAL\NORMAL2-IM-0256-0001.jpeg,0,0.2177906334400177,0.5894532799720764
resnet50,grad_cam,121,data\chest_xray\test\PNEUMONIA\person1669_virus_2884.jpeg,1,0.24790653586387634,0.558724582195282
resnet50,grad_cam,122,data\chest_xray\test\PNEUMONIA\person130_bacteria_626.jpeg,1,0.15648047626018524,0.5700567960739136
resnet50,grad_cam,123,data\chest_xray\test\PNEUMONIA\person34_virus_76.jpeg,1,0.22190721333026886,0.4404013752937317
resnet50,grad_cam,124,data\chest_xray\test\NORMAL\IM-0006-0001.jpeg,0,-0.033276595175266266,0.6802438497543335
resnet50,grad_cam,125,data\chest_xray\test\NORMAL\NORMAL2-IM-0028-0001.jpeg,0,0.07727090269327164,0.7256746888160706
resnet50,grad_cam,126,data\chest_xray\test\PNEUMONIA\person1665_virus_2878.jpeg,1,0.3400046229362488,0.3927244246006012
resnet50,grad_cam,127,data\chest_xray\test\PNEUMONIA\person175_bacteria_833.jpeg,1,0.09788687527179718,0.6686846017837524
resnet50,grad_cam,128,data\chest_xray\test\NORMAL\NORMAL2-IM-0079-0001.jpeg,0,0.1709064096212387,0.5049508213996887
resnet50,grad_cam,129,data\chest_xray\test\NORMAL\NORMAL2-IM-0378-0001.jpeg,0,0.14743539690971375,1.0359183549880981
resnet50,grad_cam,130,data\chest_xray\test\NORMAL\IM-0021-0001.jpeg,0,0.2118600606918335,1.1177421808242798
resnet50,grad_cam,131,data\chest_xray\test\NORMAL\IM-0043-0001.jpeg,0,0.15232020616531372,0.5897044539451599
resnet50,grad_cam,132,data\chest_xray\test\PNEUMONIA\person140_bacteria_668.jpeg,1,0.20363648235797882,0.5739732980728149
resnet50,grad_cam,133,data\chest_xray\test\PNEUMONIA\person128_bacteria_605.jpeg,1,0.025450505316257477,0.5574265718460083
resnet50,grad_cam,134,data\chest_xray\test\NORMAL\NORMAL2-IM-0348-0001.jpeg,0,0.13460248708724976,0.4404694139957428
resnet50,grad_cam,135,data\chest_xray\test\PNEUMONIA\person136_bacteria_654.jpeg,1,0.2941332459449768,0.6831955313682556
resnet50,grad_cam,136,data\chest_xray\test\PNEUMONIA\person117_bacteria_553.jpeg,1,0.04358974099159241,1.7119150161743164
resnet50,grad_cam,137,data\chest_xray\test\PNEUMONIA\person1_virus_6.jpeg,1,0.0021191732957959175,0.5785284638404846
resnet50,grad_cam,138,data\chest_xray\test\NORMAL\NORMAL2-IM-0045-0001.jpeg,0,0.2201746702194214,0.7234670519828796
resnet50,grad_cam,139,data\chest_xray\test\NORMAL\IM-0107-0001.jpeg,0,0.1556093394756317,0.5066176056861877
resnet50,grad_cam,140,data\chest_xray\test\PNEUMONIA\person1670_virus_2886.jpeg,1,0.4002419412136078,0.634544849395752
resnet50,grad_cam,141,data\chest_xray\test\PNEUMONIA\person1618_virus_2805.jpeg,1,0.34767985343933105,0.517288863658905
resnet50,grad_cam,142,data\chest_xray\test\PNEUMONIA\person90_bacteria_442.jpeg,1,-0.26763996481895447,0.8638901114463806
resnet50,grad_cam,143,data\chest_xray\test\NORMAL\NORMAL2-IM-0288-0001.jpeg,0,-0.11374884098768234,0.7570404410362244
resnet50,grad_cam,144,data\chest_xray\test\PNEUMONIA\person158_bacteria_745.jpeg,1,0.2085353583097458,0.7358941435813904
resnet50,grad_cam,145,data\chest_xray\test\NORMAL\IM-0045-0001.jpeg,0,0.27291804552078247,0.4423269033432007
resnet50,grad_cam,146,data\chest_xray\test\PNEUMONIA\person1653_virus_2858.jpeg,1,0.22545543313026428,0.7459884285926819
resnet50,grad_cam,147,data\chest_xray\test\NORMAL\IM-0081-0001.jpeg,0,0.048220567405223846,0.9040318131446838
resnet50,grad_cam,148,data\chest_xray\test\PNEUMONIA\person25_virus_59.jpeg,1,-0.0748806819319725,0.3414250612258911
resnet50,grad_cam,149,data\chest_xray\test\NORMAL\NORMAL2-IM-0368-0001.jpeg,0,0.06701119989156723,0.5694829821586609
resnet50,grad_cam,150,data\chest_xray\test\PNEUMONIA\person3_virus_15.jpeg,1,0.026068085804581642,1.0589442253112793
resnet50,grad_cam,151,data\chest_xray\test\PNEUMONIA\person1631_virus_2826.jpeg,1,0.15719863772392273,0.5640491843223572
resnet50,grad_cam,152,data\chest_xray\test\PNEUMONIA\person90_bacteria_443.jpeg,1,0.28163549304008484,0.41643404960632324
resnet50,grad_cam,153,data\chest_xray\test\PNEUMONIA\person113_bacteria_541.jpeg,1,0.35762181878089905,0.6030210852622986
resnet50,grad_cam,154,data\chest_xray\test\PNEUMONIA\person30_virus_69.jpeg,1,-0.026921186596155167,0.45152297616004944
resnet50,grad_cam,155,data\chest_xray\test\PNEUMONIA\person124_bacteria_589.jpeg,1,0.05139043182134628,0.6563039422035217
resnet50,grad_cam,156,data\chest_xray\test\PNEUMONIA\person137_bacteria_655.jpeg,1,0.34102821350097656,0.6204375624656677
resnet50,grad_cam,157,data\chest_xray\test\PNEUMONIA\person41_virus_88.jpeg,1,0.23306699097156525,0.602674663066864
resnet50,grad_cam,158,data\chest_xray\test\NORMAL\NORMAL2-IM-0345-0001.jpeg,0,0.098073311150074,0.6299560070037842
resnet50,grad_cam,159,data\chest_xray\test\PNEUMONIA\person146_bacteria_700.jpeg,1,0.005503467284142971,0.5161359310150146
resnet50,grad_cam,160,data\chest_xray\test\PNEUMONIA\person109_bacteria_527.jpeg,1,0.25742360949516296,0.4357753098011017
resnet50,grad_cam,161,data\chest_xray\test\NORMAL\IM-0071-0001.jpeg,0,0.32697632908821106,0.6190171837806702
resnet50,grad_cam,162,data\chest_xray\test\PNEUMONIA\person1615_virus_2801.jpeg,1,0.24959930777549744,0.8779194951057434
resnet50,grad_cam,163,data\chest_xray\test\PNEUMONIA\person1647_virus_2848.jpeg,1,0.07630069553852081,0.7736149430274963
resnet50,grad_cam,164,data\chest_xray\test\NORMAL\NORMAL2-IM-0323-0001.jpeg,0,0.1748417466878891,0.4192134141921997
resnet50,grad_cam,165,data\chest_xray\test\PNEUMONIA\person59_virus_116.jpeg,1,-0.2562085688114166,0.5791913270950317
resnet50,grad_cam,166,data\chest_xray\test\PNEUMONIA\person96_bacteria_464.jpeg,1,-0.15005327761173248,0.6489645838737488
resnet50,grad_cam,167,data\chest_xray\test\PNEUMONIA\person173_bacteria_830.jpeg,1,0.386748731136322,0.7599073052406311
resnet50,grad_cam,168,data\chest_xray\test\NORMAL\NORMAL2-IM-0251-0001.jpeg,0,-0.06152353808283806,0.6855722665786743
resnet50,grad_cam,169,data\chest_xray\test\PNEUMONIA\person161_bacteria_759.jpeg,1,0.08276527374982834,0.5512761473655701
resnet50,grad_cam,170,data\chest_xray\test\PNEUMONIA\person161_bacteria_762.jpeg,1,0.2969405949115753,0.7980325222015381
resnet50,grad_cam,171,data\chest_xray\test\PNEUMONIA\person109_bacteria_513.jpeg,1,0.17913098633289337,0.6131057143211365
resnet50,grad_cam,172,data\chest_xray\test\PNEUMONIA\person51_virus_105.jpeg,1,0.48143360018730164,0.5257230997085571
resnet50,grad_cam,173,data\chest_xray\test\NORMAL\IM-0033-0001-0002.jpeg,0,0.30207929015159607,0.4691872298717499
resnet50,grad_cam,174,data\chest_xray\test\PNEUMONIA\person111_bacteria_535.jpeg,1,0.15423758327960968,0.5106106996536255
resnet50,grad_cam,175,data\chest_xray\test\NORMAL\IM-0016-0001.jpeg,0,0.1577284038066864,0.4710445702075958
resnet50,grad_cam,176,data\chest_xray\test\PNEUMONIA\person78_bacteria_385.jpeg,1,0.09793305397033691,0.7230900526046753
resnet50,grad_cam,177,data\chest_xray\test\PNEUMONIA\person1659_virus_2867.jpeg,1,0.09163782000541687,0.5185680389404297
resnet50,grad_cam,178,data\chest_xray\test\PNEUMONIA\person135_bacteria_647.jpeg,1,0.16967913508415222,0.45704808831214905
resnet50,grad_cam,179,data\chest_xray\test\NORMAL\NORMAL2-IM-0329-0001.jpeg,0,0.20067867636680603,0.354241281747818
resnet50,grad_cam,180,data\chest_xray\test\PNEUMONIA\person1642_virus_2842.jpeg,1,0.008973724208772182,1.1207270622253418
resnet50,grad_cam,181,data\chest_xray\test\PNEUMONIA\person91_bacteria_445.jpeg,1,0.07682869583368301,0.5503038763999939
resnet50,grad_cam,182,data\chest_xray\test\NORMAL\NORMAL2-IM-0092-0001.jpeg,0,0.13018490374088287,0.6454611420631409
resnet50,grad_cam,183,data\chest_xray\test\PNEUMONIA\person108_bacteria_507.jpeg,1,0.18888190388679504,0.48542556166648865
resnet50,grad_cam,184,data\chest_xray\test\PNEUMONIA\person147_bacteria_705.jpeg,1,-0.030327649787068367,0.5632348656654358
resnet50,grad_cam,185,data\chest_xray\test\NORMAL\NORMAL2-IM-0086-0001.jpeg,0,0.27889689803123474,0.4179818034172058
resnet50,grad_cam,186,data\chest_xray\test\NORMAL\NORMAL2-IM-0267-0001.jpeg,0,0.1501288264989853,0.612338662147522
resnet50,grad_cam,187,data\chest_xray\test\PNEUMONIA\person83_bacteria_410.jpeg,1,0.05783551558852196,0.6946614384651184
resnet50,grad_cam,188,data\chest_xray\test\PNEUMONIA\person99_bacteria_474.jpeg,1,0.19063641130924225,0.5028458833694458
resnet50,grad_cam,189,data\chest_xray\test\PNEUMONIA\person17_virus_48.jpeg,1,0.1857369989156723,0.7694030404090881
resnet50,grad_cam,190,data\chest_xray\test\NORMAL\NORMAL2-IM-0331-0001.jpeg,0,-0.16159163415431976,0.7306480407714844
resnet50,grad_cam,191,data\chest_xray\test\PNEUMONIA\person128_bacteria_607.jpeg,1,0.15945790708065033,0.5861068367958069
resnet50,grad_cam,192,data\chest_xray\test\NORMAL\NORMAL2-IM-0171-0001.jpeg,0,0.14817878603935242,0.5762330889701843
resnet50,grad_cam,193,data\chest_xray\test\PNEUMONIA\person70_virus_130.jpeg,1,-0.03808049485087395,0.7262453436851501
resnet50,grad_cam,194,data\chest_xray\test\NORMAL\NORMAL2-IM-0132-0001.jpeg,0,0.09088917821645737,0.9166601300239563
resnet50,grad_cam,195,data\chest_xray\test\PNEUMONIA\person92_bacteria_450.jpeg,1,0.14250846207141876,0.6283949017524719
resnet50,grad_cam,196,data\chest_xray\test\PNEUMONIA\person22_virus_54.jpeg,1,0.06392639875411987,0.43085914850234985
resnet50,grad_cam,197,data\chest_xray\test\PNEUMONIA\person117_bacteria_557.jpeg,1,0.0738883689045906,1.0850943326950073
resnet50,grad_cam,198,data\chest_xray\test\NORMAL\IM-0025-0001.jpeg,0,0.2854493260383606,0.3511407971382141
resnet50,grad_cam,199,data\chest_xray\test\PNEUMONIA\person142_bacteria_682.jpeg,1,-0.017087042331695557,0.7676650881767273
resnet50,grad_cam,200,data\chest_xray\test\PNEUMONIA\person28_virus_62.jpeg,1,-0.04877111688256264,0.8373803496360779
resnet50,grad_cam,201,data\chest_xray\test\PNEUMONIA\person158_bacteria_743.jpeg,1,0.09566051512956619,0.7614325284957886
resnet50,grad_cam,202,data\chest_xray\test\NORMAL\NORMAL2-IM-0013-0001.jpeg,0,-0.11226942390203476,0.47268930077552795
resnet50,grad_cam,203,data\chest_xray\test\NORMAL\NORMAL2-IM-0310-0001.jpeg,0,0.3265025019645691,0.47894519567489624
resnet50,grad_cam,204,data\chest_xray\test\NORMAL\NORMAL2-IM-0366-0001.jpeg,0,-0.08439259231090546,0.84563809633255
resnet50,grad_cam,205,data\chest_xray\test\PNEUMONIA\person1634_virus_2830.jpeg,1,0.20195415616035461,0.4966636300086975
resnet50,grad_cam,206,data\chest_xray\test\NORMAL\NORMAL2-IM-0309-0001.jpeg,0,0.14869700372219086,0.3992079794406891
resnet50,grad_cam,207,data\chest_xray\test\NORMAL\IM-0075-0001.jpeg,0,0.15556226670742035,0.7113792300224304
resnet50,grad_cam,208,data\chest_xray\test\PNEUMONIA\person75_virus_136.jpeg,1,0.05236009135842323,0.6041749715805054
resnet50,grad_cam,209,data\chest_xray\test\PNEUMONIA\person101_bacteria_484.jpeg,1,0.14887675642967224,0.8061424493789673
resnet50,grad_cam,210,data\chest_xray\test\PNEUMONIA\person149_bacteria_713.jpeg,1,0.035344578325748444,1.0518549680709839
resnet50,grad_cam,211,data\chest_xray\test\NORMAL\NORMAL2-IM-0111-0001.jpeg,0,-0.14136861264705658,0.8305234313011169
resnet50,grad_cam,212,data\chest_xray\test\NORMAL\NORMAL2-IM-0286-0001.jpeg,0,0.3633992671966553,0.470926433801651
resnet50,grad_cam,213,data\chest_xray\test\PNEUMONIA\person157_bacteria_735.jpeg,1,0.1499761939048767,0.6488543748855591
resnet50,grad_cam,214,data\chest_xray\test\PNEUMONIA\person161_bacteria_757.jpeg,1,0.009892161004245281,0.4872772693634033
resnet50,grad_cam,215,data\chest_xray\test\PNEUMONIA\person8_virus_28.jpeg,1,-0.132692351937294,0.8485236167907715
resnet50,grad_cam,216,data\chest_xray\test\PNEUMONIA\person130_bacteria_628.jpeg,1,0.2497928887605667,0.9431341886520386
resnet50,grad_cam,217,data\chest_xray\test\NORMAL\NORMAL2-IM-0195-0001.jpeg,0,-0.022661371156573296,0.7591457366943359
resnet50,grad_cam,218,data\chest_xray\test\NORMAL\NORMAL2-IM-0343-0001.jpeg,0,-0.014379046857357025,1.4510552883148193
resnet50,grad_cam,219,data\chest_xray\test\PNEUMONIA\person1660_virus_2869.jpeg,1,0.012306214310228825,0.602199137210846
resnet50,grad_cam,220,data\chest_xray\test\PNEUMONIA\person120_bacteria_572.jpeg,1,0.23702378571033478,0.6307528614997864
resnet50,grad_cam,221,data\chest_xray\test\PNEUMONIA\person66_virus_125.jpeg,1,0.5378587245941162,0.3996026813983917
resnet50,grad_cam,222,data\chest_xray\test\PNEUMONIA\person146_bacteria_704.jpeg,1,0.19231651723384857,0.6089041829109192
resnet50,grad_cam,223,data\chest_xray\test\PNEUMONIA\person131_bacteria_629.jpeg,1,0.5981443524360657,0.6245145797729492
resnet50,grad_cam,224,data\chest_xray\test\PNEUMONIA\person21_virus_53.jpeg,1,-0.25313156843185425,0.698200523853302
resnet50,grad_cam,225,data\chest_xray\test\PNEUMONIA\person91_bacteria_447.jpeg,1,-0.01040737982839346,0.397048681974411
resnet50,grad_cam,226,data\chest_xray\test\PNEUMONIA\person82_bacteria_405.jpeg,1,0.052456680685281754,0.5752887725830078
resnet50,grad_cam,227,data\chest_xray\test\PNEUMONIA\person153_bacteria_726.jpeg,1,0.26872551441192627,0.5658141374588013
resnet50,grad_cam,228,data\chest_xray\test\PNEUMONIA\person94_bacteria_458.jpeg,1,0.25974220037460327,0.5637795925140381
resnet50,grad_cam,229,data\chest_xray\test\NORMAL\NORMAL2-IM-0374-0001-0001.jpeg,0,0.3307785391807556,0.5304424166679382
resnet50,grad_cam,230,data\chest_xray\test\PNEUMONIA\person111_bacteria_534.jpeg,1,0.09838633984327316,0.5660389065742493
resnet50,grad_cam,231,data\chest_xray\test\PNEUMONIA\person1635_virus_2831.jpeg,1,-0.01920893043279648,0.7285351753234863
resnet50,grad_cam,232,data\chest_xray\test\NORMAL\NORMAL2-IM-0305-0001.jpeg,0,-0.3129526972770691,0.6658036708831787
resnet50,grad_cam,233,data\chest_xray\test\PNEUMONIA\person122_bacteria_583.jpeg,1,-0.25303155183792114,0.5303097367286682
resnet50,grad_cam,234,data\chest_xray\test\PNEUMONIA\person152_bacteria_720.jpeg,1,0.15535743534564972,0.6989690065383911
resnet50,grad_cam,235,data\chest_xray\test\NORMAL\NORMAL2-IM-0229-0001.jpeg,0,0.03455273434519768,0.5208473801612854
resnet50,grad_cam,236,data\chest_xray\test\PNEUMONIA\person101_bacteria_486.jpeg,1,0.07928774505853653,0.6358537077903748
resnet50,grad_cam,237,data\chest_xray\test\PNEUMONIA\person1676_virus_2892.jpeg,1,0.3283577859401703,0.48671042919158936
resnet50,grad_cam,238,data\chest_xray\test\NORMAL\NORMAL2-IM-0123-0001.jpeg,0,0.31389957666397095,0.6270623803138733
resnet50,grad_cam,239,data\chest_xray\test\PNEUMONIA\person138_bacteria_657.jpeg,1,0.13960735499858856,0.8182634115219116
resnet50,grad_cam,240,data\chest_xray\test\PNEUMONIA\person128_bacteria_608.jpeg,1,0.07157624512910843,0.9250544905662537
resnet50,grad_cam,241,data\chest_xray\test\NORMAL\NORMAL2-IM-0052-0001.jpeg,0,-0.1952420026063919,0.7906322479248047
resnet50,grad_cam,242,data\chest_xray\test\PNEUMONIA\person94_bacteria_456.jpeg,1,-0.25874489545822144,0.47060391306877136
resnet50,grad_cam,243,data\chest_xray\test\NORMAL\IM-0039-0001.jpeg,0,0.23863668739795685,0.5242581367492676
resnet50,grad_cam,244,data\chest_xray\test\PNEUMONIA\person119_bacteria_565.jpeg,1,0.012769343331456184,0.5749887824058533
resnet50,grad_cam,245,data\chest_xray\test\PNEUMONIA\person134_bacteria_643.jpeg,1,0.13559429347515106,0.6781471967697144
resnet50,grad_cam,246,data\chest_xray\test\NORMAL\NORMAL2-IM-0349-0001.jpeg,0,0.11072948575019836,0.5560752749443054
resnet50,grad_cam,247,data\chest_xray\test\NORMAL\IM-0084-0001.jpeg,0,0.35606393218040466,0.5725176930427551
resnet50,grad_cam,248,data\chest_xray\test\PNEUMONIA\person114_bacteria_544.jpeg,1,-0.07835578173398972,0.5677108764648438
resnet50,grad_cam,249,data\chest_xray\test\PNEUMONIA\person122_bacteria_586.jpeg,1,0.3092460334300995,0.4964969754219055
resnet50,grad_cam,250,data\chest_xray\test\PNEUMONIA\person119_bacteria_567.jpeg,1,-0.03956978768110275,0.6632049083709717
resnet50,grad_cam,251,data\chest_xray\test\PNEUMONIA\person65_virus_123.jpeg,1,0.24798773229122162,0.4349674880504608
resnet50,grad_cam,252,data\chest_xray\test\PNEUMONIA\person1628_virus_2821.jpeg,1,0.1968214362859726,0.6517582535743713
resnet50,grad_cam,253,data\chest_xray\test\NORMAL\IM-0036-0001.jpeg,0,0.19465415179729462,0.6515927314758301
resnet50,grad_cam,254,data\chest_xray\test\NORMAL\NORMAL2-IM-0282-0001.jpeg,0,-0.22580650448799133,0.6232234835624695
resnet50,grad_cam,255,data\chest_xray\test\PNEUMONIA\person154_bacteria_728.jpeg,1,0.16516940295696259,0.7648802399635315
